TA DIFFUSER 0.020,,,,TA DIFFUSER 0.025,,,,TA DIFFUSER 0.030,,,,TA DIFFUSER 0.035,,,,TA QUADRANT 1,,TA QUADRANT 2,
X,Y,radius,inst_Vmag,X,Y,radius,inst_Vmag,X,Y,radius,inst_Vmag,X,Y,radius,inst_Vmag,radius,inst_Vmag,radius,inst_Vmag
0.02,-0.02581,0.032652056,2.931218936,0.025,-0.02476,0.035186053,0.330316788,0.03,-0.023975369,0.038403376,0.388918244,0.035,-0.02296,0.041858839,0.028717483,0.004062431,0.990815332,0.004062507,0.870452577
0.02,-0.025837181,0.032673539,3.011998529,0.025,-0.024799262,0.035213694,0.53686204,0.03,-0.024142805,0.038508143,0.673176341,0.035,-0.023023423,0.04189366,0.294434837,0.004265656,0.696744576,0.004265575,0.549537829
0.02,-0.025864362,0.032695039,3.077116257,0.025,-0.024838523,0.035241357,0.659161428,0.03,-0.024310242,0.038613335,0.81384547,0.035,-0.023086846,0.04192855,0.425968103,0.004468644,0.597744963,0.004468768,0.490716555
0.02,-0.025891544,0.032716568,3.108284371,0.025,-0.024877785,0.035269039,0.741827048,0.03,-0.024477678,0.038718975,0.858851175,0.035,-0.023150268,0.041963506,0.472922686,0.004671857,0.588318765,0.004671901,0.483067717
0.02,-0.025918725,0.032738089,3.136993419,0.025,-0.024917047,0.035296744,0.794844014,0.03,-0.024645114,0.038825046,0.895980182,0.035,-0.023213691,0.041998525,0.502721375,0.00487497,0.600270341,0.00487497,0.495240824
0.02,-0.025945906,0.032759615,3.157874665,0.025,-0.024956309,0.035324464,0.865286783,0.03,-0.02481255,0.038931559,0.926726387,0.035,-0.023277114,0.04203362,0.532043299,0.005077937,0.60343737,0.005077937,0.503671384
0.02,-0.025973087,0.032781143,3.172994298,0.025,-0.02499557,0.035352216,0.912993949,0.03,-0.024979987,0.039038497,1.018556048,0.035,-0.023340537,0.04206877,0.555887389,0.005282009,0.601519893,0.005282009,0.510476422
0.02,-0.026000268,0.03280268,3.186806339,0.025,-0.025034832,0.035380004,0.947117171,0.03,-0.025147423,0.039145899,1.130255114,0.035,-0.02340396,0.042103998,0.584280619,0.005484517,0.592968654,0.005484517,0.516425375
0.02,-0.02602745,0.032824224,3.195358555,0.025,-0.025074094,0.035407801,0.991078122,0.03,-0.025314859,0.039253746,1.251160626,0.035,-0.023467383,0.042139306,0.600879182,0.005687853,0.577908113,0.005687853,0.520167938
0.02,-0.026054631,0.03284577,3.198820236,0.025,-0.025113356,0.035435592,1.029734697,0.03,-0.025482295,0.03936189,1.41238307,0.035,-0.023530805,0.042174641,0.619862733,0.005891201,0.553648963,0.005891201,0.517946703
0.02,-0.026081812,0.032867334,3.20121214,0.025,-0.025152617,0.035463438,1.060371137,0.03,-0.025649732,0.039470456,1.571303167,0.035,-0.023594228,0.04221006,0.63392394,0.006093571,0.547209141,0.006093571,0.537044386
0.02,-0.026108993,0.032888911,3.202749274,0.025,-0.025191879,0.035491288,1.085018874,0.03,-0.025817168,0.039579527,1.673644935,0.035,-0.023657651,0.042245535,0.643298977,0.006297601,0.548111671,0.006297601,0.557060673
0.02,-0.026136175,0.03291049,3.203720077,0.025,-0.025231141,0.035519188,1.116170402,0.03,-0.025984604,0.039688959,1.766851751,0.035,-0.023721074,0.042281104,0.648157011,0.006500014,0.55338766,0.006500014,0.56492789
0.02,-0.026163356,0.032932069,3.204764471,0.025,-0.025270403,0.035547085,1.137364796,0.03,-0.02615204,0.039798693,1.900978261,0.035,-0.023784497,0.042316705,0.650853219,0.00670335,0.557676125,0.00670335,0.570086549
0.02,-0.026190537,0.032953681,3.208298784,0.025,-0.025309664,0.035575005,1.144811496,0.03,-0.026319477,0.039908963,2.066731635,0.035,-0.023847919,0.042352397,0.652602956,0.006906636,0.559242096,0.006906636,0.57523946
0.02,-0.026217718,0.032975295,3.207379313,0.025,-0.025348926,0.035602966,1.169000374,0.03,-0.026486913,0.04001965,2.215247464,0.035,-0.023911342,0.042388134,0.653456608,0.007109147,0.574050158,0.007109147,0.583273296
0.02,-0.026244899,0.032996909,3.207451734,0.025,-0.025388188,0.035630933,1.198205872,0.03,-0.026654349,0.040130552,2.274946304,0.035,-0.023974765,0.042423949,0.652315043,0.007313049,0.596471676,0.007313049,0.604483235
0.02,-0.026272081,0.033018525,3.207354966,0.025,-0.02542745,0.035658902,1.215912479,0.03,-0.026821785,0.040241985,2.327918187,0.035,-0.024038188,0.04245987,0.647708771,0.007515532,0.630789158,0.007515532,0.631022596
0.02,-0.026299262,0.033040153,3.207336085,0.025,-0.025466711,0.035686922,1.243750992,0.03,-0.026989221,0.040354061,2.406771339,0.035,-0.024101611,0.042495887,0.662944552,0.007718868,0.661722682,0.007718868,0.6737314
0.02,-0.026326443,0.033061804,3.206800102,0.025,-0.025505973,0.035714955,1.296533116,0.03,-0.027156658,0.040466573,2.455575418,0.035,-0.024165034,0.042531889,0.676202573,0.007922106,0.685799945,0.007922106,0.725305767
0.02,-0.026353624,0.033083455,3.206226139,0.025,-0.025545235,0.035742988,1.369203708,0.03,-0.027324094,0.040578821,2.478598578,0.035,-0.024228456,0.042567891,0.698719815,0.008124723,0.715088236,0.008124723,0.789108391
0.02,-0.026380805,0.033105106,3.205677563,0.025,-0.025584497,0.035771069,1.461399758,0.03,-0.02749153,0.040691794,2.552995971,0.035,-0.024291879,0.042604062,0.721150539,0.008328528,0.754280441,0.008328528,0.903722018
0.02,-0.026407987,0.033126755,3.205491184,0.025,-0.025623758,0.035799168,1.569355993,0.03,-0.027658966,0.040805394,2.593872828,0.035,-0.024355302,0.042640301,0.751646678,0.008531063,0.770982382,0.008531063,1.108075295
0.02,-0.026435168,0.033148441,3.207743706,0.025,-0.02566302,0.035827263,1.687558087,0.03,-0.027826403,0.040918689,2.574652535,0.035,-0.024418725,0.042676534,0.782547449,0.0087344,0.775150747,0.0087344,1.292083492
0.02,-0.026462349,0.033170128,3.210027163,0.025,-0.025702282,0.035855447,1.843752925,0.03,-0.027993839,0.041032816,2.583762413,0.035,-0.024482148,0.042712773,0.816289793,0.0089376,0.773586389,0.0089376,1.457868355
0.02,-0.02648953,0.033191814,3.212201239,0.025,-0.025741544,0.035883647,1.956608431,0.03,-0.028161275,0.041147478,2.56838644,0.035,-0.02454557,0.042749234,0.852822008,0.009140298,0.804767901,0.009140298,1.617181434
0.02,-0.026516711,0.033213501,3.214605401,0.025,-0.025780805,0.035911826,2.034734361,0.03,-0.028328711,0.041261808,2.487746702,0.035,-0.024608993,0.042785707,0.878564716,0.009344029,0.871574811,0.009344029,1.783018309
0.02,-0.026543893,0.033235206,3.219904116,0.025,-0.025820067,0.035940004,2.112860291,0.03,-0.028496148,0.041377073,2.446476485,0.035,-0.024672416,0.042822185,0.904203307,0.009546604,0.97183322,0.009546604,1.954173863
0.02,-0.026571074,0.033256929,3.227197482,0.025,-0.025859329,0.035968183,2.190986221,0.03,-0.028663584,0.041492731,2.373466201,0.035,-0.024735839,0.042858697,0.919456502,0.009749941,1.08669793,0.009749941,2.07090785
0.02,-0.026598255,0.033278651,3.234562859,0.025,-0.025898591,0.035996406,2.266744533,0.03,-0.02883102,0.041608143,2.196031466,0.035,-0.024799262,0.042895413,0.937831975,0.009953111,1.257944669,0.009953111,2.133182339
0.02,-0.026625436,0.033300373,3.241862644,0.025,-0.025937852,0.03602469,2.342545009,0.03,-0.028998456,0.041724325,2.06910182,0.035,-0.024862685,0.042932122,0.948620289,0.010155874,1.471217866,0.010155874,2.191158045
0.02,-0.026652617,0.033322105,3.25039421,0.025,-0.025977114,0.036053039,2.425778126,0.03,-0.029165893,0.041840924,1.890633219,0.035,-0.024926107,0.042968837,0.958483954,0.010359545,1.690058341,0.010359545,2.258447361
0.02,-0.026679799,0.03334388,3.259975931,0.025,-0.026016376,0.036081344,2.488957971,0.03,-0.029333329,0.041957799,1.715016907,0.035,-0.02498953,0.043005637,0.960136073,0.010562152,1.898539245,0.010562152,2.330268523
0.02,-0.02670698,0.033365655,3.266435957,0.025,-0.026055638,0.036109649,2.552137816,0.03,-0.029500765,0.04207497,1.560360821,0.035,-0.025052953,0.043042587,0.971851528,0.010765489,2.091208395,0.010765489,2.39215963
0.02,-0.026734161,0.03338743,3.272452596,0.025,-0.026094899,0.036137954,2.615317661,0.03,-0.029668201,0.04219258,1.44403964,0.035,-0.025116376,0.043079531,0.988475614,0.010968635,2.260033937,0.010968635,2.47337849
0.02,-0.026761342,0.033409205,3.278469235,0.025,-0.026134161,0.036166268,2.678250564,0.03,-0.029835638,0.042310523,1.364310394,0.035,-0.025179799,0.043116481,1.010083811,0.01117145,2.355819005,0.01117145,2.541961017
0.02,-0.026788523,0.03343098,3.284485874,0.025,-0.026173423,0.036194659,2.727324504,0.03,-0.030003074,0.042428658,1.273431226,0.035,-0.025243221,0.043153564,1.040922368,0.011375071,2.417613223,0.011375071,2.63279399
0.02,-0.026815705,0.033452755,3.290502513,0.025,-0.026212685,0.03622314,2.768838118,0.03,-0.03017051,0.042547256,1.157653585,0.035,-0.025306644,0.043190747,1.063838112,0.011577705,2.41516028,0.011577705,2.736190846
0.02,-0.026842886,0.03347453,3.296892906,0.025,-0.026251946,0.036251569,2.80088951,0.03,-0.030337946,0.04266622,1.052497733,0.035,-0.025370067,0.043227923,1.085422833,0.011781041,2.42786458,0.011781041,2.813477289
0.02,-0.026870067,0.033496305,3.303756223,0.025,-0.026291208,0.036279999,2.832930062,0.03,-0.030505383,0.042785365,0.935566546,0.035,-0.02543349,0.043265105,1.104691962,0.011984167,2.451941792,0.011984167,2.862730883
0.02,-0.026897248,0.033518099,3.311256492,0.025,-0.02633047,0.036308428,2.864970613,0.03,-0.030672819,0.042904893,0.837064277,0.035,-0.025496913,0.04330247,1.123777729,0.012187026,2.50266188,0.012187026,2.921982122
0.02,-0.02692443,0.033539943,3.321108562,0.025,-0.026369732,0.036336859,2.897474167,0.03,-0.030840255,0.043024685,0.721936558,0.035,-0.025560336,0.043339882,1.139855379,0.012390605,2.562412443,0.012390605,2.991199958
0.02,-0.026951611,0.033561787,3.331044638,0.025,-0.026408993,0.03636536,2.917843752,0.03,-0.031007691,0.043144866,0.713936197,0.035,-0.025623758,0.043377288,1.155763948,0.012593261,2.609133766,0.012593261,3.057411932
0.02,-0.026978792,0.033583632,3.341018189,0.025,-0.026448255,0.03639397,2.925831472,0.03,-0.031175128,0.043265355,0.728168298,0.035,-0.025687181,0.043414703,1.172573863,0.012796598,2.670359133,0.012796598,3.112249181
0.02,-0.027005973,0.033605476,3.350991739,0.025,-0.026487517,0.036422522,2.93717862,0.03,-0.031342564,0.043386154,0.672683215,0.035,-0.025750604,0.043452343,1.191015969,0.012999705,2.751759633,0.012999705,3.14696584
0.02,-0.027033154,0.03362732,3.360965289,0.025,-0.026526779,0.036451074,2.948514912,0.03,-0.03151,0.043507262,0.59870501,0.035,-0.025814027,0.043489977,1.21786719,0.013202603,2.80610699,0.013202603,3.196475147
0.02,-0.027060336,0.033649165,3.37093884,0.025,-0.02656604,0.036479626,2.959851205,,,,,0.035,-0.02587745,0.043527617,1.244541934,0.013406139,2.857451322,0.013406139,3.25568523
0.02,-0.027087517,0.033671009,3.380881129,0.025,-0.026605302,0.036508178,2.971198872,,,,,0.035,-0.025940872,0.043565369,1.307021872,0.01360882,2.916128902,0.01360882,3.319608493
0.02,-0.027114698,0.033692854,3.390733199,0.025,-0.026644564,0.036536789,2.984354806,,,,,0.035,-0.026004295,0.043603489,1.399938791,0.013812157,2.979774104,0.013812157,3.38593118
0.02,-0.027141879,0.033714729,3.40217307,0.025,-0.026683826,0.036565519,2.984245371,,,,,0.035,-0.026067718,0.043641383,1.445723133,0.01401525,3.041017197,0.01401525,3.456154663
0.02,-0.02716906,0.033736641,3.413054016,0.025,-0.026723087,0.036594193,2.995288098,,,,,0.035,-0.026131141,0.043679277,1.474539847,0.014218179,3.07526374,0.014218179,3.521480306
0.02,-0.027196242,0.033758554,3.423627436,0.025,-0.026762349,0.036622866,3.006897329,,,,,0.035,-0.026194564,0.043717171,1.507015044,0.01442167,3.105817564,0.01442167,3.585982547
0.02,-0.027223423,0.033780466,3.434151589,0.025,-0.026801611,0.036651538,3.018506559,,,,,0.035,-0.026257987,0.043755106,1.538603027,0.014624382,3.148590512,0.014624382,3.653321432
0.02,-0.027250604,0.033802379,3.444675742,0.025,-0.026840872,0.036680211,3.030100614,,,,,0.035,-0.026321409,0.043793177,1.560957409,0.014827719,3.195975538,0.014827719,3.727997797
0.02,-0.027277785,0.033824291,3.455199896,0.025,-0.026880134,0.036708935,3.047520305,,,,,0.035,-0.026384832,0.043831249,1.583311792,0.015030798,3.257822783,0.015030798,3.818349567
0.02,-0.027304966,0.033846204,3.465724049,0.025,-0.026919396,0.036737771,3.059711993,,,,,0.035,-0.026448255,0.043869605,1.612536997,0.015233755,3.319579104,0.015233755,3.906276907
0.02,-0.027332148,0.033868116,3.47640081,0.025,-0.026958658,0.036766571,3.0693469,,,,,0.035,-0.026511678,0.043908109,1.645370251,0.015437206,3.382793898,0.015437206,3.985552438
0.02,-0.027359329,0.033890029,3.487281756,0.025,-0.026997919,0.036795363,3.079270519,,,,,0.035,-0.026575101,0.043946479,1.664299525,0.015639946,3.443286987,0.015639946,4.061241765
0.02,-0.02738651,0.033911983,3.49542097,0.025,-0.027037181,0.036824155,3.089194137,,,,,0.035,-0.026638523,0.043984816,1.676797366,0.015843282,3.502961666,0.015843282,4.134639506
0.02,-0.027413691,0.033933962,3.502579566,0.025,-0.027076443,0.036852946,3.099117755,,,,,0.035,-0.026701946,0.044023152,1.688043856,0.01604635,3.562710046,0.01604635,4.203753881
0.02,-0.027440872,0.033955942,3.509813807,0.025,-0.027115705,0.036881782,3.106375868,,,,,0.035,-0.026765369,0.044061489,1.703460538,0.016249331,3.622321509,0.016249331,4.269664725
0.02,-0.027468054,0.033977921,3.517048049,0.025,-0.027154966,0.036910722,3.113647386,,,,,0.035,-0.026828792,0.044099984,1.70049065,0.016452748,3.679298158,0.016452748,4.334224158
0.02,-0.027495235,0.033999901,3.52428229,0.025,-0.027194228,0.036939647,3.113848769,,,,,0.035,-0.026892215,0.044138525,1.697752525,0.016655511,3.738617216,0.016655511,4.399644161
0.02,-0.027522416,0.03402188,3.531516531,0.025,-0.02723349,0.036968556,3.111728085,,,,,0.035,-0.026955638,0.044177463,1.708640177,0.016858847,3.798586099,0.016858847,4.463994191
0.02,-0.027549597,0.03404386,3.538750772,0.025,-0.027272752,0.036997465,3.109607401,,,,,0.035,-0.02701906,0.044216362,1.718915774,0.017061905,3.861891296,0.017061905,4.527238793
0.02,-0.027576779,0.034065839,3.545938266,0.025,-0.027312013,0.037026375,3.107486717,,,,,0.035,-0.027082483,0.044255133,1.727153334,0.017264907,3.93073529,0.017264907,4.587793705
0.02,-0.02760396,0.034087819,3.553094338,0.025,-0.027351275,0.03705532,3.101958333,,,,,0.035,-0.027145906,0.044293903,1.735705641,0.017468294,4.005801933,0.017468294,4.647790802
0.02,-0.027631141,0.03410985,3.55747127,0.025,-0.027390537,0.037084363,3.096144604,,,,,0.035,-0.027209329,0.044332674,1.744070953,0.017671077,4.081080807,0.017671077,4.705962622
0.02,-0.027658322,0.034131896,3.562098314,0.025,-0.027429799,0.03711341,3.090814182,,,,,0.035,-0.027272752,0.044371507,1.752043289,0.017874414,4.15399942,0.017874414,4.766582032
0.02,-0.027685503,0.034153941,3.568250309,0.025,-0.02746906,0.037142435,3.084267418,,,,,0.035,-0.027336175,0.044410445,1.759593175,0.018077463,4.216620133,0.018077463,4.828986405
0.02,-0.027712685,0.034175987,3.574402305,0.025,-0.027508322,0.037171461,3.077720654,,,,,0.035,-0.027399597,0.044449603,1.773467342,0.018280483,4.273540627,0.018280483,4.896868085
0.02,-0.027739866,0.034198032,3.5805543,0.025,-0.027547584,0.037200486,3.07117389,,,,,0.035,-0.02746302,0.044488966,1.793197739,0.018483843,4.330935894,0.018483843,4.968779897
0.02,-0.027767047,0.034220077,3.586706295,0.025,-0.027586846,0.037229539,3.066407787,,,,,0.035,-0.027526443,0.044528218,1.804481295,0.018686645,4.392450276,0.018686645,5.04160315
0.02,-0.027794228,0.034242123,3.59285829,0.025,-0.027626107,0.037258684,3.06482886,,,,,0.035,-0.027589866,0.044567414,1.813138561,0.018889981,4.455775966,0.018889981,5.114261633
0.02,-0.027821409,0.034264168,3.597540824,0.025,-0.027665369,0.037287853,3.061117192,,,,,0.035,-0.027653289,0.04460661,1.823730781,0.019093022,4.517471625,0.019093022,5.17897808
0.02,-0.027848591,0.034286211,3.601264836,0.025,-0.027704631,0.037316992,3.052632945,,,,,0.035,-0.027716711,0.044645806,1.830698453,0.019296059,4.578405572,0.019296059,5.240091898
0.02,-0.027875772,0.034308321,3.603170491,0.025,-0.027743893,0.037346131,3.044148698,,,,,0.035,-0.027780134,0.044685137,1.832073185,0.019499394,4.639960193,0.019499394,5.298690518
0.02,-0.027902953,0.034330431,3.60566667,0.025,-0.027783154,0.03737527,3.035664451,,,,,0.035,-0.027843557,0.044724499,1.832121525,0.019702213,4.704663087,0.019702213,5.356702637
0.02,-0.027930134,0.034352541,3.609192838,0.025,-0.027822416,0.037404431,3.026319779,,,,,0.035,-0.02790698,0.044764258,1.836678898,0.01990555,4.767485556,0.01990555,5.413899158
0.02,-0.027957315,0.034374651,3.612719006,0.025,-0.027861678,0.037433676,3.01676973,,,,,0.035,-0.027970403,0.044804021,1.84005903,0.020108583,4.828652722,0.020108583,5.468826426
0.02,-0.027984497,0.034396761,3.616245174,0.025,-0.02790094,0.037462963,3.006939532,,,,,0.035,-0.028033826,0.044843634,1.82978026,0.020311635,4.887436125,0.020311635,5.526519633
0.02,-0.028011678,0.034418872,3.619771341,0.025,-0.027940201,0.037492215,2.988517905,,,,,0.035,-0.028097248,0.044883247,1.823110546,0.020514949,4.945763713,0.020514949,5.581531179
0.02,-0.028038859,0.034440982,3.623297509,0.025,-0.027979463,0.037521467,2.970096279,,,,,0.035,-0.028160671,0.044922861,1.81509461,0.020717782,5.004083347,0.020717782,5.646791342
0.02,-0.02806604,0.034463092,3.625281555,0.025,-0.028018725,0.037550718,2.951674652,,,,,0.035,-0.028224094,0.044962513,1.802175262,0.020921119,5.066689679,0.020921119,5.694265536
0.02,-0.028093221,0.03448521,3.625915065,0.025,-0.028057987,0.037579984,2.93159323,,,,,0.035,-0.028287517,0.045002293,1.780896796,0.021124146,5.129233529,0.021124146,5.717617954
0.02,-0.028120403,0.034507384,3.622988003,0.025,-0.028097248,0.037609328,2.906397772,,,,,0.035,-0.02835094,0.045042228,1.758742946,0.021327211,5.184020719,0.021327211,5.739569985
0.02,-0.028147584,0.034529558,3.619762565,0.025,-0.02813651,0.037638734,2.887057816,,,,,0.035,-0.028414362,0.045082415,1.735177057,0.021530505,5.226622464,0.021530505,5.739368008
0.02,-0.028174765,0.034551731,3.616286385,0.025,-0.028175772,0.037668096,2.864321898,,,,,0.035,-0.028477785,0.045122516,1.712311947,0.021733352,5.264225469,0.021733352,5.714394643
0.02,-0.028201946,0.034573905,3.612810206,0.025,-0.028215034,0.037697459,2.84158598,,,,,0.035,-0.028541208,0.045162538,1.690550367,0.021936688,5.306299322,0.021936688,5.684953521
0.02,-0.028229128,0.034596079,3.609334027,0.025,-0.028254295,0.037726821,2.818850063,,,,,0.035,-0.028604631,0.045202559,1.669760458,0.022139709,5.361188756,0.022139709,5.698263915
0.02,-0.028256309,0.034618253,3.605857848,0.025,-0.028293557,0.037756191,2.795143242,,,,,0.035,-0.028668054,0.045242581,1.647714657,0.022342788,5.39940985,0.022342788,5.712350391
0.02,-0.02828349,0.034640427,3.602441621,0.025,-0.028332819,0.037785633,2.766212238,,,,,0.035,-0.028731477,0.045282714,1.626022979,0.022546063,5.424912798,0.022546063,5.713352533
0.02,-0.028310671,0.0346626,3.599514559,0.025,-0.028372081,0.037815155,2.742616149,,,,,0.035,-0.028794899,0.045322902,1.604595225,0.022748922,5.454994289,0.022748922,5.708688054
0.02,-0.028337852,0.034684793,3.593906683,0.025,-0.028411342,0.037844626,2.716160544,,,,,0.035,-0.028858322,0.045363415,1.588382178,0.022952259,5.47109152,0.022952259,5.699808257
0.02,-0.028365034,0.034707029,3.583380571,0.025,-0.028450604,0.037874098,2.689795753,,,,,0.035,-0.028921745,0.045404002,1.573357463,0.023155274,5.489035993,0.023155274,5.709867871
0.02,-0.028392215,0.034729265,3.572692289,0.025,-0.028489866,0.03790357,2.663430962,,,,,0.035,-0.028985168,0.045444432,1.548250208,0.023358364,5.482282535,0.023358364,5.691815497
0.02,-0.028419396,0.034751502,3.561938974,0.025,-0.028529128,0.037933042,2.635928515,,,,,0.035,-0.029048591,0.045484854,1.519670525,0.023561623,5.460075175,0.023561623,5.646960249
0.02,-0.028446577,0.034773738,3.551185658,0.025,-0.028568389,0.037962581,2.59426698,,,,,0.035,-0.029112013,0.045525277,1.491332262,0.023764493,5.474807711,0.023764493,5.607473799
0.02,-0.028473758,0.034795975,3.540432342,0.025,-0.028607651,0.037992217,2.562096292,,,,,0.035,-0.029175436,0.045565716,1.464581835,0.023967829,5.478428073,0.023967829,5.562000696
0.02,-0.02850094,0.034818211,3.529679027,0.025,-0.028646913,0.038021796,2.531706884,,,,,0.035,-0.029238859,0.045606304,1.427522641,0.02417084,5.476455512,0.02417084,5.531207433
0.02,-0.028528121,0.034840447,3.518989231,0.025,-0.028686175,0.038051376,2.501934757,,,,,0.035,-0.029302282,0.045646987,1.395380671,0.02437394,5.476955536,0.02437394,5.518083332
0.02,-0.028555302,0.034862684,3.508463119,0.025,-0.028725436,0.038080955,2.47216263,,,,,0.035,-0.029365705,0.045687963,1.378295894,0.024577184,5.478291311,0.024577184,5.525069966
0.02,-0.028582483,0.034884948,3.497228043,0.025,-0.028764698,0.038110535,2.441891391,,,,,0.035,-0.029429128,0.045728928,1.360965398,0.024780064,5.475524951,0.024780064,5.524443105
0.02,-0.028609664,0.034907246,3.486972416,0.025,-0.02880396,0.038140169,2.402972933,,,,,0.035,-0.02949255,0.045769744,1.339855014,0.024983401,5.458277659,0.024983401,5.510538042
0.02,-0.028636846,0.034929544,3.479636812,0.025,-0.028843221,0.038169909,2.374440781,,,,,0.035,-0.029555973,0.045810559,1.318706059,0.025186407,5.40875953,0.02518637,5.496935551
0.02,-0.028664027,0.034951842,3.472683868,0.025,-0.028882483,0.038199597,2.337507345,,,,,0.035,-0.029619396,0.045851374,1.297488482,0.025389516,5.345287177,0.025389516,5.484242313
0.02,-0.028691208,0.03497414,3.465730923,0.025,-0.028921745,0.038229283,2.300883427,,,,,0.035,-0.029682819,0.045892189,1.276154226,0.025592681,5.298453564,0.025592547,5.50018893
0.02,-0.028718389,0.034996437,3.458777979,0.025,-0.028961007,0.038258968,2.264259508,,,,,0.035,-0.029746242,0.045933096,1.22422124,0.025795635,5.246213907,0.025795635,5.481448608
0.02,-0.02874557,0.035018735,3.451825035,0.025,-0.029000268,0.038288654,2.22763559,,,,,0.035,-0.029809664,0.045974201,1.189786729,0.025998778,5.257345955,0.025998778,5.448565461
0.02,-0.028772752,0.035041033,3.443445764,0.025,-0.02903953,0.038318388,2.178264952,,,,,0.035,-0.029873087,0.046015387,1.168067538,0.02620192,5.227943178,0.02620192,5.423726114
0.02,-0.028799933,0.035063331,3.433190137,0.025,-0.029078792,0.03834822,2.124095381,,,,,0.035,-0.02993651,0.046056568,1.146291243,0.026405036,5.219435509,0.026405034,5.371444734
0.02,-0.028827114,0.035085665,3.425854734,0.025,-0.029118054,0.038378019,2.0782168,,,,,0.035,-0.029999933,0.046097754,1.125708988,0.026608108,5.203174254,0.026608131,5.167286906
0.02,-0.028854295,0.035108021,3.419006158,0.025,-0.029157315,0.03840781,2.03428236,,,,,0.035,-0.030063356,0.046139111,1.104505796,0.026811212,5.177257576,0.026811229,5.012487713
0.02,-0.028881477,0.03513038,3.419480122,0.025,-0.029196577,0.038437601,1.99034792,,,,,0.035,-0.030126779,0.046180485,1.081695897,0.027014374,5.195609435,0.027014339,4.836593204
0.02,-0.028908658,0.035152738,3.419954086,0.025,-0.029235839,0.038467391,1.94641348,,,,,0.035,-0.030190201,0.046221859,1.058895799,0.027217467,5.143775459,0.027217457,4.660170077
0.02,-0.028935839,0.035175096,3.42042805,0.025,-0.029275101,0.038497222,1.906767372,,,,,0.035,-0.030253624,0.046263256,1.037853077,0.027420598,5.083989944,0.027420614,4.535985045
0.02,-0.02896302,0.035197455,3.420902014,0.025,-0.029314362,0.038527146,1.864916168,,,,,0.035,-0.030317047,0.046304821,1.01398556,0.02762372,5.015462678,0.027623736,4.416383179
0.02,-0.028990201,0.035219813,3.421375978,0.025,-0.029353624,0.038557056,1.824463734,,,,,0.035,-0.03038047,0.046346381,0.98655509,0.02782683,4.921863114,0.027826825,4.354956221
0.02,-0.029017383,0.035242172,3.421076215,0.025,-0.029392886,0.038586949,1.784287741,,,,,0.035,-0.030443893,0.046387946,0.959025867,0.028030143,4.844704387,0.028030054,4.343295353
0.02,-0.029044564,0.035264533,3.4153927,0.025,-0.029432148,0.038616843,1.744111748,,,,,0.035,-0.030507315,0.046429572,0.927085607,0.028233197,4.796984754,0.028233213,4.353317969
0.02,-0.029071745,0.035286927,3.39299517,0.025,-0.029471409,0.038646737,1.703935755,,,,,0.035,-0.030570738,0.046471323,0.90108497,0.028436364,4.761719152,0.028436302,4.388537314
0.02,-0.029098926,0.03530933,3.367521071,0.025,-0.029510671,0.038676664,1.669643294,,,,,0.035,-0.030634161,0.046513069,0.881794887,0.028639381,4.729676141,0.028639512,4.447837954
0.02,-0.029126107,0.035331733,3.343460594,0.025,-0.029549933,0.038706675,1.643516671,,,,,0.035,-0.030697584,0.046554821,0.865612518,0.028842493,4.700233827,0.02884247,4.50373797
0.02,-0.029153289,0.035354136,3.317428532,0.025,-0.029589195,0.038736711,1.620728842,,,,,0.035,-0.030761007,0.046596672,0.853008046,0.029045574,4.675983497,0.029045518,4.548273211
0.02,-0.02918047,0.035376551,3.271660689,0.025,-0.029628456,0.038766707,1.593598762,,,,,0.035,-0.03082443,0.046638608,0.837586084,0.029248703,4.661347608,0.029248642,4.54535042
0.02,-0.029207651,0.035398984,3.209435404,0.025,-0.029667718,0.038796702,1.566468681,,,,,0.035,-0.030887852,0.046680539,0.822529464,0.029451781,4.693372692,0.029451795,4.477292413
0.02,-0.029234832,0.035421416,3.146399827,0.025,-0.02970698,0.038826698,1.5393386,,,,,0.035,-0.030951275,0.046722475,0.805422009,0.029654911,4.745949637,0.029654925,4.276302899
0.02,-0.029262013,0.035443849,3.08396514,0.025,-0.029746242,0.038856695,1.512193834,,,,,0.035,-0.031014698,0.046764549,0.785301758,0.029858028,4.015231185,0.02985803,3.185657093
0.02,-0.029289195,0.035466281,3.018944534,0.025,-0.029785503,0.038886749,1.484251589,,,,,0.035,-0.031078121,0.046806668,0.753709095,,,,
0.02,-0.029316376,0.035488743,2.946717054,0.025,-0.029824765,0.038916834,1.46297919,,,,,0.035,-0.031141544,0.046848781,0.722054925,,,,
0.02,-0.029343557,0.035511205,2.874933985,0.025,-0.029864027,0.038946917,1.441187075,,,,,0.035,-0.031204966,0.0468909,0.681672037,,,,
0.02,-0.029370738,0.035533666,2.803408432,0.025,-0.029903289,0.038977039,1.419694803,,,,,0.035,-0.031268389,0.046933195,0.638424251,,,,
0.02,-0.029397919,0.035556128,2.731180952,0.025,-0.02994255,0.039007176,1.396566708,,,,,0.035,-0.031331812,0.046975489,0.61073202,,,,
0.02,-0.029425101,0.035578604,2.659401718,0.025,-0.029981812,0.039037307,1.374196516,,,,,0.035,-0.031395235,0.047017789,0.582908364,,,,
0.02,-0.029452282,0.035601091,2.583315337,0.025,-0.030021074,0.039067476,1.340835222,,,,,0.035,-0.031458658,0.047060121,0.569723227,,,,
0.02,-0.029479463,0.035623581,2.511323299,0.025,-0.030060336,0.039097664,1.298406449,,,,,0.035,-0.031522081,0.047102594,0.555457058,,,,
0.02,-0.029506644,0.035646073,2.439197563,0.025,-0.030099597,0.039127842,1.270658191,,,,,0.035,-0.031585503,0.047145066,0.545089401,,,,
0.02,-0.029533826,0.035668584,2.371050764,0.025,-0.030138859,0.039158058,1.251310425,,,,,0.035,-0.031648926,0.047187511,0.535191236,,,,
0.02,-0.029561007,0.035691109,2.312000366,0.025,-0.030178121,0.039188296,1.217564637,,,,,0.035,-0.031712349,0.047230016,0.523295098,,,,
0.02,-0.029588188,0.035713624,2.251220481,0.025,-0.030217383,0.039218522,1.170043745,,,,,0.035,-0.031775772,0.047272628,0.50809355,,,,
0.02,-0.029615369,0.035736141,2.170202597,0.025,-0.030256644,0.039248783,1.119585682,,,,,0.035,-0.031839195,0.047315282,0.486310619,,,,
0.02,-0.02964255,0.035758662,2.103738649,0.025,-0.030295906,0.039279075,1.090117625,,,,,0.035,-0.031902617,0.047357982,0.458271748,,,,
0.02,-0.029669732,0.035781199,2.061052697,0.025,-0.030335168,0.039309347,1.049973085,,,,,0.035,-0.03196604,0.047400731,0.429793848,,,,
0.02,-0.029696913,0.035803741,2.021277484,0.025,-0.03037443,0.039339639,1.015653399,,,,,0.035,-0.032029463,0.047443519,0.403260117,,,,
0.02,-0.029724094,0.035826287,1.97441098,0.025,-0.030413691,0.039369958,0.975598236,,,,,0.035,-0.032092886,0.047486361,0.382603444,,,,
0.02,-0.029751275,0.035848828,1.938183056,0.025,-0.030452953,0.039400296,0.947765553,,,,,0.035,-0.032156309,0.047529246,0.371616279,,,,
0.02,-0.029778456,0.035871399,1.882936554,0.025,-0.030492215,0.03943065,0.925643787,,,,,0.035,-0.032219732,0.047572177,0.374451533,,,,
0.02,-0.029805638,0.03589398,1.815560876,0.025,-0.030531477,0.039461019,0.903632662,,,,,0.035,-0.032283154,0.047615168,0.378687514,,,,
0.02,-0.029832819,0.035916551,1.753664968,0.025,-0.030570738,0.039491403,0.856683368,,,,,0.035,-0.032346577,0.047658189,0.379613314,,,,
0.02,-0.02986,0.035939127,1.669606647,0.025,-0.03061,0.039521817,0.827859619,,,,,0.035,-0.03241,0.047701244,0.3698814,,,,